member_id,name,email,contact
M001,Alice Johnson,x24lo60s@example.com,7221468961
M002,Bob Smith,kgwbzqfn@example.com,8084356918
M003,Charlie Brown,ifjxasax@example.com,7236569493
M004,Daisy Thomas,0u1xb66l@example.com,7151939374
M005,Ethan Lewis,z4cahf04@example.com,8291748626
M006,Fiona Clark,rvyqdhi7@example.com,7651929490
M007,George Harris,d9elit4s@example.com,9651504560
M008,Hannah Wright,45bfru5l@example.com,8910224515
M009,Ian Walker,x5od9ykg@example.com,7976716545
M010,Julia Adams,2z5ng2w9@example.com,8851701566
M011,Kevin Hill,jt38ehm1@example.com,9400158182
M012,Laura Scott,k7zhb0s3@example.com,8947071556
M013,Michael Green,8go23tp7@example.com,7927081647
M014,Nina Baker,4846jr3t@example.com,8908410520
M015,Oliver Carter,d7gi11jk@example.com,9660414488
M016,Paula Roberts,893apz9j@example.com,8494835518
M017,Quincy Davis,qe5wznr1@example.com,9691641469
M018,Rachel Evans,qe62w1ba@example.com,9314363018
M019,Samuel Turner,w2lw8ba9@example.com,8688011707
M020,Tina Wilson,n0dqpqq8@example.com,9959599730
